day,カテゴリ,サービスタイプ
2018/1/8,Yシャツ,シミ取り
2023/1/8,コート,急ぎ
2023/1/8,Yシャツ,
2018/1/8,コート,
2023/1/8,ズボン,
2023/1/8,Yシャツ,
2018/1/8,コート,
2023/1/8,Yシャツ,
2023/1/8,コート,
2018/1/8,ズボン,
2018/1/9,Yシャツ,
2018/1/9,コート,
2018/1/9,Yシャツ,シミ取り
2018/1/9,コート,急ぎ
2018/1/9,ズボン,
2018/1/9,Yシャツ,
2018/1/10,コート,
2018/1/11,Yシャツ,
2018/1/11,コート,
2018/1/11,ズボン,
2018/1/11,Yシャツ,
2018/1/11,コート,
2018/1/11,Yシャツ,
2018/1/11,コート,シミ取り
2018/1/11,ズボン,急ぎ
2018/1/11,Yシャツ,シミ取り
2018/1/11,コート,急ぎ
2018/1/11,Yシャツ,
2018/1/11,コート,
2018/1/11,ズボン,
2018/1/11,Yシャツ,
2018/1/11,コート,
2018/1/11,Yシャツ,
2018/1/11,コート,
2018/1/11,ズボン,
2018/1/11,Yシャツ,
2018/1/11,コート,
2018/1/11,Yシャツ,
2018/1/12,コート,
2018/1/12,ズボン,
2018/1/12,Yシャツ,
2018/1/12,コート,
2018/1/12,Yシャツ,
2018/1/13,コート,
2018/1/13,ズボン,
2018/1/13,Yシャツ,
2018/1/13,コート,
2018/1/14,Yシャツ,
2018/1/14,コート,
2018/1/15,ズボン,シミ取り
2018/1/15,Yシャツ,急ぎ
2018/1/15,コート,
2018/1/15,Yシャツ,
2018/1/15,コート,
2018/1/15,ズボン,
2018/1/15,Yシャツ,
2018/1/16,コート,
2018/1/16,Yシャツ,急ぎ
2018/1/16,コート,急ぎ
2018/1/16,ズボン,急ぎ
2018/1/16,Yシャツ,
2018/1/16,コート,
2018/1/17,Yシャツ,
2018/1/17,コート,
2018/1/17,ズボン,
2018/1/17,Yシャツ,
2018/1/17,コート,
2018/1/17,Yシャツ,
2018/1/17,コート,
2018/1/17,ズボン,
2018/1/17,Yシャツ,
2018/1/17,コート,
2018/1/17,Yシャツ,
2018/1/17,コート,
2018/1/17,ズボン,
2018/1/17,Yシャツ,
2018/1/17,コート,
2018/1/17,Yシャツ,
2018/1/17,コート,
2018/1/17,ズボン,
2018/1/17,Yシャツ,
2018/1/17,コート,
2018/1/18,Yシャツ,
2018/1/19,コート,シミ取り
2018/1/19,ズボン,急ぎ
2018/1/19,Yシャツ,
2018/1/20,コート,
2018/1/20,Yシャツ,
2018/1/20,コート,
2018/1/21,ズボン,
2018/1/21,Yシャツ,
2018/1/21,コート,急ぎ
2018/1/22,Yシャツ,急ぎ
2018/1/23,コート,急ぎ
2018/1/23,ズボン,
2018/1/23,Yシャツ,
2018/1/23,コート,
2018/1/23,Yシャツ,
2018/1/23,コート,
2018/1/23,ズボン,
2018/1/23,Yシャツ,
2018/1/23,コート,
2018/1/23,Yシャツ,
2018/1/23,コート,
2018/1/23,ズボン,
2018/1/23,Yシャツ,
2018/1/23,コート,
2018/1/23,Yシャツ,
2018/1/23,コート,
2018/1/23,ズボン,
2018/1/23,Yシャツ,
2018/1/23,コート,
2018/1/23,Yシャツ,
2018/1/23,コート,
2018/1/23,ズボン,
2018/1/23,Yシャツ,シミ取り
2018/1/23,コート,急ぎ
2018/1/23,Yシャツ,
2018/1/23,コート,
2018/1/23,ズボン,
2018/1/23,Yシャツ,
2018/1/23,コート,
2018/1/23,Yシャツ,
2018/1/23,コート,急ぎ
2018/1/23,ズボン,急ぎ
2018/1/23,Yシャツ,急ぎ
2018/1/23,コート,
2018/1/23,Yシャツ,シミ取り
2018/1/23,コート,
2018/1/23,ズボン,シミ取り
2018/1/23,Yシャツ,
2018/1/23,コート,
2018/1/23,Yシャツ,
2018/1/23,コート,
2018/1/23,ズボン,
2018/1/23,Yシャツ,
2018/1/23,コート,
2018/1/23,Yシャツ,
2018/1/23,コート,
2018/1/23,ズボン,シミ取り
2018/1/23,Yシャツ,
2018/1/23,コート,
2018/1/23,Yシャツ,
2018/1/23,コート,
2018/1/23,ズボン,
2018/1/23,Yシャツ,
2018/1/23,コート,
2018/1/23,Yシャツ,
2018/1/23,コート,
2018/1/23,ズボン,
2018/1/23,Yシャツ,
2018/1/23,コート,
2018/1/23,Yシャツ,
2018/1/23,コート,
2018/1/23,ズボン,
2018/1/23,Yシャツ,
2018/1/23,コート,
2018/1/23,Yシャツ,
2018/1/23,コート,
2018/1/23,ズボン,
2018/1/23,Yシャツ,
2018/1/23,コート,
2018/1/23,Yシャツ,
2018/1/23,コート,
2018/1/23,ズボン,
2018/1/23,Yシャツ,
2018/1/23,コート,
2018/1/23,Yシャツ,
2018/1/23,コート,
2018/1/23,ズボン,
2018/1/23,Yシャツ,
2018/1/23,コート,
2018/1/23,Yシャツ,
2018/1/23,コート,
2018/1/23,ズボン,
2018/1/23,Yシャツ,
2018/1/23,コート,
2018/1/23,Yシャツ,
2018/1/23,コート,
2018/1/23,ズボン,
2018/1/23,Yシャツ,
2018/1/23,コート,
2018/1/23,Yシャツ,
2018/1/23,コート,
2018/1/23,ズボン,
2018/1/23,Yシャツ,
2018/1/23,コート,
2018/1/23,Yシャツ,
2018/1/23,コート,
2018/1/23,ズボン,
2018/1/23,Yシャツ,
2018/1/23,コート,
2018/1/23,Yシャツ,
2018/1/24,コート,
2018/1/24,ズボン,
2018/1/24,Yシャツ,
2018/1/25,コート,
2018/1/25,Yシャツ,
2018/1/25,コート,
2018/1/25,ズボン,
2018/1/25,Yシャツ,
2018/1/25,コート,
2018/1/25,Yシャツ,
2018/1/25,コート,
2018/1/25,ズボン,
2018/1/25,Yシャツ,
2018/1/25,コート,
2018/1/25,Yシャツ,シミ取り